{
    "edge_exact": -99792.057004353,
    "edge_jitter1": -99792.35114485,
    "edge_jitter2": -99792.299472202,
    "edge_jitter3": -99792.22566731,
    "edge_jitter4": -99792.299427031,
    "edge_jitter5": -99792.299572475,
    "edge_jitter6": -99792.026082017,
    "edge_jitter7": -99792.351037093,
    "edge_jitter8": -99792.299008656,
    "edge_jitter9": -99792.350595316,
    "body_exact": -99790.975449005,
    "body_jitter1": -99791.007971099,
    "body_jitter2": -99791.064681254,
    "body_jitter3": -99791.064633226,
    "body_jitter4": -99791.064630097,
    "body_jitter5": -99791.007988378,
    "body_jitter6": -99791.064572681,
    "body_jitter7": -99791.007971235,
    "body_jitter8": -99791.007959126,
    "body_jitter9": -99791.064559211
}